user,timestamp
ANONYMIZED,1734804216
ANONYMIZED,1734782718
ANONYMIZED,1734692823
ANONYMIZED,1734560363
ANONYMIZED,1734550980
ANONYMIZED,1734538250
ANONYMIZED,1734522267
ANONYMIZED,1734460859
ANONYMIZED,1734372339
ANONYMIZED,1734292600
ANONYMIZED,1734211988
ANONYMIZED,1734197408
ANONYMIZED,1734129880
ANONYMIZED,1734100352
ANONYMIZED,1733921383
ANONYMIZED,1733779307
ANONYMIZED,1733504829
ANONYMIZED,1733409512
ANONYMIZED,1733404684
ANONYMIZED,1733246827
ANONYMIZED,1733165831
ANONYMIZED,1733008030
ANONYMIZED,1733006634
ANONYMIZED,1732979893
ANONYMIZED,1732959322
ANONYMIZED,1732914961
ANONYMIZED,1732914950
ANONYMIZED,1732807901
ANONYMIZED,1732634375
ANONYMIZED,1732530280
ANONYMIZED,1732452516
ANONYMIZED,1732361903
ANONYMIZED,1732304800
ANONYMIZED,1732130642
ANONYMIZED,1732127185
ANONYMIZED,1731862829
ANONYMIZED,1731674470
ANONYMIZED,1731624986
ANONYMIZED,1731576034
ANONYMIZED,1731367308
ANONYMIZED,1731350741
ANONYMIZED,1731350444
ANONYMIZED,1731327563
ANONYMIZED,1731325069
ANONYMIZED,1731272480
ANONYMIZED,1731245159
ANONYMIZED,1731241082
ANONYMIZED,1731185941
ANONYMIZED,1730987297
ANONYMIZED,1730983593
ANONYMIZED,1730919893
ANONYMIZED,1730901969
ANONYMIZED,1730788928
ANONYMIZED,1730746680
ANONYMIZED,1730701828
ANONYMIZED,1730665936
ANONYMIZED,1730655462
ANONYMIZED,1730577889
ANONYMIZED,1730490535
ANONYMIZED,1730412718
ANONYMIZED,1730399964
ANONYMIZED,1730382643
ANONYMIZED,1730382634
ANONYMIZED,1730382599
ANONYMIZED,1730382593
ANONYMIZED,1730382585
ANONYMIZED,1730315916
ANONYMIZED,1730205004
ANONYMIZED,1730156360
ANONYMIZED,1730128021
ANONYMIZED,1730107575
ANONYMIZED,1730034779
ANONYMIZED,1730032055
ANONYMIZED,1730030622
ANONYMIZED,1730024866
ANONYMIZED,1729978994
ANONYMIZED,1729955848
ANONYMIZED,1729792080
ANONYMIZED,1729781189
ANONYMIZED,1729778890
ANONYMIZED,1729722186
ANONYMIZED,1729689879
ANONYMIZED,1729631427
ANONYMIZED,1729631403
ANONYMIZED,1729623338
ANONYMIZED,1729601032
ANONYMIZED,1729535671
ANONYMIZED,1729510545
ANONYMIZED,1729461397
ANONYMIZED,1729460021
ANONYMIZED,1729450229
ANONYMIZED,1729440437
ANONYMIZED,1729363387
ANONYMIZED,1729282246
ANONYMIZED,1729168440
ANONYMIZED,1729155260
ANONYMIZED,1729121332
ANONYMIZED,1729017779
ANONYMIZED,1728978524
ANONYMIZED,1728952469
ANONYMIZED,1728941726
ANONYMIZED,1728941724
ANONYMIZED,1728926703
ANONYMIZED,1728590091
ANONYMIZED,1728590087
ANONYMIZED,1728556801
ANONYMIZED,1728427374
ANONYMIZED,1728316709
ANONYMIZED,1728237038
ANONYMIZED,1728227565
ANONYMIZED,1728226517
ANONYMIZED,1728073614
ANONYMIZED,1728063801
ANONYMIZED,1728063751
ANONYMIZED,1727998018
ANONYMIZED,1727962156
ANONYMIZED,1727767255
ANONYMIZED,1727766887
ANONYMIZED,1727766823
ANONYMIZED,1727634566
ANONYMIZED,1727527273
ANONYMIZED,1727470326
ANONYMIZED,1727465528
ANONYMIZED,1727355788
ANONYMIZED,1727348677
ANONYMIZED,1727193202
ANONYMIZED,1727115324
ANONYMIZED,1727111197
ANONYMIZED,1727111172
ANONYMIZED,1727082886
ANONYMIZED,1726916548
ANONYMIZED,1726861111
ANONYMIZED,1726861031
ANONYMIZED,1726818058
ANONYMIZED,1726771126
ANONYMIZED,1726749984
ANONYMIZED,1726669315
ANONYMIZED,1726599284
ANONYMIZED,1726509844
ANONYMIZED,1726395464
ANONYMIZED,1726327186
ANONYMIZED,1726260457
ANONYMIZED,1726251325
ANONYMIZED,1726251245
ANONYMIZED,1726234293
ANONYMIZED,1726234266
ANONYMIZED,1726133439
ANONYMIZED,1726100711
ANONYMIZED,1725985543
ANONYMIZED,1725985541
ANONYMIZED,1725814874
ANONYMIZED,1725809200
ANONYMIZED,1725738048
ANONYMIZED,1725738039
ANONYMIZED,1725699713
ANONYMIZED,1725288371
ANONYMIZED,1725288371
ANONYMIZED,1725288370
ANONYMIZED,1725212672
ANONYMIZED,1725208564
ANONYMIZED,1725208563
ANONYMIZED,1725145986
ANONYMIZED,1725115045
ANONYMIZED,1725096810
ANONYMIZED,1725096810
ANONYMIZED,1724860819
ANONYMIZED,1724853233
ANONYMIZED,1724533711
ANONYMIZED,1724485749
ANONYMIZED,1724437178
ANONYMIZED,1724351734
ANONYMIZED,1723748406
ANONYMIZED,1723748405
ANONYMIZED,1723671554
ANONYMIZED,1723540982
ANONYMIZED,1723540981
ANONYMIZED,1723476116
ANONYMIZED,1723401942
ANONYMIZED,1723401928
ANONYMIZED,1723214860
ANONYMIZED,1723214810
ANONYMIZED,1722871126
ANONYMIZED,1722332848
ANONYMIZED,1721715422
ANONYMIZED,1720279489
ANONYMIZED,1719769586
ANONYMIZED,1719436711
ANONYMIZED,1719342683
ANONYMIZED,1719171169
ANONYMIZED,1718977968
ANONYMIZED,1718443778
ANONYMIZED,1718306289
ANONYMIZED,1718225441
ANONYMIZED,1718217736
ANONYMIZED,1717522623
ANONYMIZED,1717431449
ANONYMIZED,1717429785
ANONYMIZED,1717412083
ANONYMIZED,1717371718
ANONYMIZED,1717279388
ANONYMIZED,1717178661
ANONYMIZED,1717059376
ANONYMIZED,1716761467
ANONYMIZED,1716562502
ANONYMIZED,1716502789
ANONYMIZED,1716502207
ANONYMIZED,1716408917
ANONYMIZED,1716137961
ANONYMIZED,1716044878
ANONYMIZED,1715936139
ANONYMIZED,1715634937
ANONYMIZED,1715510575
ANONYMIZED,1715470621
ANONYMIZED,1715237679
ANONYMIZED,1715236426
ANONYMIZED,1715167779
ANONYMIZED,1715102730
ANONYMIZED,1715024075
ANONYMIZED,1714906335
ANONYMIZED,1714771495
ANONYMIZED,1714766826
ANONYMIZED,1714590972
ANONYMIZED,1714497693
ANONYMIZED,1714497693
ANONYMIZED,1714411112
ANONYMIZED,1714394334
ANONYMIZED,1714394328
ANONYMIZED,1714183418
ANONYMIZED,1714155636
ANONYMIZED,1714082487
ANONYMIZED,1713915017
ANONYMIZED,1713871054
ANONYMIZED,1713379009
ANONYMIZED,1713376973
ANONYMIZED,1713130719
ANONYMIZED,1712961776
ANONYMIZED,1712942775
ANONYMIZED,1712855958
ANONYMIZED,1712579997
ANONYMIZED,1712420800
ANONYMIZED,1712308691
ANONYMIZED,1712161416
ANONYMIZED,1711651763
ANONYMIZED,1711551031
ANONYMIZED,1711058495
ANONYMIZED,1710968141
ANONYMIZED,1710699603
ANONYMIZED,1710621056
ANONYMIZED,1710079466
ANONYMIZED,1710009640
ANONYMIZED,1709915310
ANONYMIZED,1709493177
ANONYMIZED,1709403808
ANONYMIZED,1709279722
ANONYMIZED,1709139197
ANONYMIZED,1708712493
ANONYMIZED,1708453187
ANONYMIZED,1708364897
ANONYMIZED,1708282051
ANONYMIZED,1707982922
ANONYMIZED,1707845754
ANONYMIZED,1707687544
ANONYMIZED,1707503745
ANONYMIZED,1707306959
ANONYMIZED,1707241642
ANONYMIZED,1706894513
ANONYMIZED,1706809829
ANONYMIZED,1706018978
ANONYMIZED,1705852916
ANONYMIZED,1705740619
ANONYMIZED,1704908134
ANONYMIZED,1704741852
ANONYMIZED,1704632307
ANONYMIZED,1704570321
ANONYMIZED,1704561019
ANONYMIZED,1704472847
ANONYMIZED,1704280676
ANONYMIZED,1703690131
